Occupation,Total Employees,Hourly Mean,Annual Mean,Hourly Median,Annual Median
All Occupations,140886310,28.01,58260,22.00,45760
Management Occupations,8909910,59.31,123370,49.25,102450
Top Executives,3229990,57.94,120520,47.46,98720
Chief Executives,200480,102.41,213020,86.31,179520
General and Operations Managers,2984920,55.41,115250,47.10,97970
"Advertising, Marketing, Promotions, Public Relations, and Sales Managers",838050,69.77,145130,61.62,128160
Advertising and Promotions Managers,22520,68.68,142860,61.13,127150
Marketing and Sales Managers,732490,70.48,146600,62.18,129330
Marketing Managers,278690,73.77,153440,64.92,135030
Sales Managers,453800,68.46,142390,61.30,127490
Public Relations and Fundraising Managers,83040,63.85,132800,57.62,119860
Public Relations Managers,59850,66.35,138000,60.47,125780
Fundraising Managers,23190,57.40,119400,48.47,100810
Operations Specialties Managers,2116020,67.26,139900,61.13,127140
Administrative Services and Facilities Managers,325850,52.69,109590,47.73,99290
Administrative Services Managers,224620,54.34,113030,48.16,100170
Facilities Managers,101230,49.03,101970,47.08,97930
Computer and Information Systems Managers,485190,78.33,162930,76.45,159010
Financial Managers,681070,73.78,153460,63.32,131710
Industrial Production Managers,192270,56.62,117780,49.59,103150
Purchasing Managers,69310,64.71,134590,61.13,127150
"Transportation, Storage, and Distribution Managers",144640,50.76,105580,47.22,98230
Compensation and Benefits Managers,15330,67.05,139470,61.31,127530
Human Resources Managers,166530,65.67,136590,60.69,126230
Training and Development Managers,35830,61.92,128800,57.76,120130
Other Management Occupations,2725860,51.55,107230,46.94,97630
"Farmers, Ranchers, and Other Agricultural Managers",5220,37.71,78440,35.12,73060
Construction Managers,284750,52.02,108210,47.55,98890
Education and Childcare Administrators,537100,47.73,99280,45.68,95010
"Education and Childcare Administrators, Preschool and Daycare",56430,25.87,53800,22.75,47310
"Education Administrators, Postsecondary",155990,53.49,111260,46.59,96910
"Education Administrators, All Other",49970,45.54,94730,43.54,90560
Architectural and Engineering Managers,187100,76.43,158970,73.25,152350
Food Service Managers,210680,30.75,63970,28.58,59440
Entertainment and Recreation Managers,21460,36.75,76430,30.42,63270
Gambling Managers,3660,42.88,89190,36.98,76910
"Entertainment and Recreation Managers, Except Gambling",17800,35.48,73810,29.81,62000
Lodging Managers,35920,32.58,67770,28.57,59430
Medical and Health Services Managers,436770,57.61,119840,48.72,101340
Natural Sciences Managers,74760,75.05,156110,66.30,137900
Postmasters and Mail Superintendents,12750,39.34,81820,38.58,80250
"Property, Real Estate, and Community Association Managers",234680,33.67,70030,28.47,59230
Social and Community Service Managers,156400,36.92,76790,35.58,74000
Emergency Management Directors,10320,40.77,84800,36.89,76730
Personal Service Managers,20060,35.75,74360,29.02,60360
Funeral Home Managers,12710,39.86,82900,35.58,74000
"Personal Service Managers, All Other",7350,28.65,59580,29.02,60360
Miscellaneous Managers,497890,62.36,129710,59.93,124650
"Managers, All Other",497890,62.36,129710,59.93,124650
Business and Financial Operations Occupations,9053790,39.72,82610,36.81,76570
Business Operations Specialists,6152960,38.64,80380,36.56,76040
"Agents and Business Managers of Artists, Performers, and Athletes",12480,55.97,116410,37.70,78410
Buyers and Purchasing Agents,439020,34.88,72540,30.51,63470
"Claims Adjusters, Appraisers, Examiners, and Investigators",289580,34.06,70850,31.11,64710
"Claims Adjusters, Examiners, and Investigators",278140,34.11,70960,31.29,65080
"Insurance Appraisers, Auto Damage",11430,32.78,68180,30.13,62680
Compliance Officers,334340,36.45,75810,34.45,71650
Cost Estimators,208950,35.45,73740,31.33,65170
Human Resources Workers,805080,34.24,71210,30.04,62490
Human Resources Specialists,740830,34.00,70720,29.95,62290
Farm Labor Contractors,440,26.16,54400,22.97,47770
Labor Relations Specialists,63810,37.05,77070,37.03,77010
Logisticians and Project Management Specialists,933180,45.45,94530,39.43,82010
Logisticians,189320,38.09,79230,37.03,77030
Project Management Specialists,743860,47.32,98420,45.43,94500
Management Analysts,768450,48.33,100530,44.71,93000
"Meeting, Convention, and Event Planners",98150,27.81,57850,23.79,49470
Fundraisers,82080,31.19,64870,29.17,60660
"Compensation, Benefits, and Job Analysis Specialists",87750,35.49,73810,30.83,64120
Training and Development Specialists,336030,32.51,67620,29.60,61570
Market Research Analysts and Marketing Specialists,727540,36.58,76080,30.73,63920
Miscellaneous Business Operations Specialists,1030330,38.10,79240,35.90,74670
"Business Operations Specialists, All Other",1030330,38.10,79240,35.90,74670
Financial Specialists,2900840,41.99,87350,37.16,77300
Accountants and Auditors,1318550,40.37,83980,37.14,77250
Property Appraisers and Assessors,58340,33.68,70050,29.49,61340
Budget Analysts,47440,40.50,84240,38.43,79940
Credit Analysts,68770,42.32,88030,37.23,77440
Financial Analysts and Advisors,716930,51.13,106340,39.29,81730
Financial and Investment Analysts,291880,49.53,103020,44.03,91580
Personal Financial Advisors,263030,57.67,119960,45.27,94170
Insurance Underwriters,107690,38.43,79940,36.73,76390
Financial Risk Specialists,54320,53.18,110610,48.08,100000
Financial Examiners,60750,46.24,96180,39.14,81410
Credit Counselors and Loan Officers,371400,37.52,78040,29.82,62030
Credit Counselors,31230,24.25,50430,22.87,47580
Loan Officers,340170,38.74,80570,30.47,63380
"Tax Examiners, Collectors and Preparers, and Revenue Agents",135460,26.80,55750,23.51,48900
"Tax Examiners and Collectors, and Revenue Agents",52270,30.38,63200,27.30,56780
Tax Preparers,83190,24.56,51080,22.26,46290
Miscellaneous Financial Specialists,123200,38.64,80370,35.21,73240
"Financial Specialists, All Other",123200,38.64,80370,35.21,73240
Computer and Mathematical Occupations,4654750,48.01,99860,46.90,97540
Computer Occupations,4389910,47.89,99620,46.84,97430
Computer and Information Analysts,662370,50.40,104840,47.92,99680
Computer Systems Analysts,505150,49.14,102210,47.73,99270
Information Security Analysts,157220,54.46,113270,49.33,102600
Computer and Information Research Scientists,30840,68.58,142650,63.22,131490
Computer Support Specialists,830510,29.11,60550,27.84,57910
Computer Network Support Specialists,176200,34.30,71350,30.17,62760
Computer User Support Specialists,654310,27.72,57650,23.93,49770
Database and Network Administrators and Architects,621900,49.25,102440,47.44,98680
Computer Network Architects,168830,58.01,120650,57.94,120520
Database Administrators,85870,46.42,96550,46.50,96710
Database Architects,50440,58.58,121840,59.34,123430
Network and Computer Systems Administrators,316760,43.87,91250,38.75,80600
"Software and Web Developers, Programmers, and Testers",1874100,54.68,113720,49.49,102930
Computer Programmers,152610,46.46,96650,44.71,93000
Software Developers,1364180,58.17,120990,58.05,120730
Software Quality Assurance Analysts and Testers,190120,46.97,97710,47.22,98220
Web Developers,84820,39.09,81320,37.03,77030
Web and Digital Interface Designers,82380,45.90,95460,38.41,79890
Miscellaneous Computer Occupations,370190,47.20,98180,45.80,95270
"Computer Occupations, All Other",370190,47.20,98180,45.80,95270
Mathematical Science Occupations,264840,49.90,103800,47.44,98680
Actuaries,23040,60.24,125300,50.91,105900
Mathematicians,1770,54.05,112430,51.97,108100
Operations Research Analysts,98700,46.07,95830,39.59,82360
Statisticians,31370,47.81,99450,45.95,95570
Data Scientists,105980,52.24,108660,48.52,100910
Miscellaneous Mathematical Science Occupations,3970,37.48,77960,30.03,62460
"Mathematical Science Occupations, All Other",3970,37.48,77960,30.03,62460
Architecture and Engineering Occupations,2436520,44.10,91740,38.39,79840
"Architects, Surveyors, and Cartographers",176840,39.85,82880,37.34,77670
"Architects, Except Naval",117830,42.98,89400,38.16,79380
"Architects, Except Landscape and Naval",100400,44.19,91900,38.55,80180
Landscape Architects,17430,36.05,74980,32.67,67950
"Surveyors, Cartographers, and Photogrammetrists",59000,33.59,69870,29.78,61950
Cartographers and Photogrammetrists,12610,35.34,73510,33.12,68900
Surveyors,46390,33.12,68880,29.62,61600
Engineers,1631080,50.00,104000,47.62,99040
Aerospace Engineers,56640,59.12,122970,58.78,122270
Agricultural Engineers,1120,41.99,87350,39.73,82640
Bioengineers and Biomedical Engineers,17190,48.57,101020,46.83,97410
Chemical Engineers,24180,58.58,121840,50.75,105550
Civil Engineers,304310,45.91,95490,42.33,88050
Computer Hardware Engineers,73750,65.50,136230,61.62,128170
Electrical and Electronics Engineers,293190,53.21,110670,48.93,101780
Electrical Engineers,186020,51.87,107890,48.28,100420
"Electronics Engineers, Except Computer",107170,55.53,115490,50.39,104820
Environmental Engineers,42660,48.18,100220,46.55,96820
"Industrial Engineers, Including Health and Safety",316820,45.92,95520,45.82,95300
"Health and Safety Engineers, Except Mining Safety Engineers and Inspectors",22870,47.93,99700,47.62,99040
Industrial Engineers,293950,45.77,95200,45.82,95300
Marine Engineers and Naval Architects,7380,47.03,97820,44.89,93370
Materials Engineers,21530,49.02,101950,47.26,98300
Mechanical Engineers,278240,46.64,97000,45.82,95300
"Mining and Geological Engineers, Including Mining Safety Engineers",7370,48.29,100450,46.68,97090
Nuclear Engineers,12670,58.54,121760,57.87,120380
Petroleum Engineers,22100,70.06,145720,62.91,130850
Miscellaneous Engineers,151940,51.83,107800,48.38,100640
"Engineers, All Other",151940,51.83,107800,48.38,100640
"Drafters, Engineering Technicians, and Mapping Technicians",628600,30.01,62420,28.99,60290
Drafters,185200,29.66,61680,28.99,60290
Architectural and Civil Drafters,101310,29.14,60620,29.01,60340
Electrical and Electronics Drafters,20830,32.26,67090,29.57,61510
Mechanical Drafters,47760,30.12,62650,28.94,60200
"Drafters, All Other",15300,28.04,58330,26.08,54240
"Engineering Technologists and Technicians, Except Drafters",387330,31.06,64600,29.18,60690
Aerospace Engineering and Operations Technologists and Technicians,10900,35.34,73510,35.37,73580
Civil Engineering Technologists and Technicians,64170,27.89,58000,28.04,58320
Electrical and Electronic Engineering Technologists and Technicians,101450,33.21,69070,30.60,63640
Electro-Mechanical and Mechatronics Technologists and Technicians,11590,30.71,63880,29.02,60360
Environmental Engineering Technologists and Technicians,14910,27.21,56590,23.27,48390
Industrial Engineering Technologists and Technicians,62030,29.44,61230,28.95,60220
Mechanical Engineering Technologists and Technicians,40180,30.47,63390,29.07,60460
Calibration Technologists and Technicians,8500,30.19,62800,29.01,60340
"Engineering Technologists and Technicians, Except Drafters, All Other",73600,32.83,68290,29.78,61950
Surveying and Mapping Technicians,56070,23.95,49810,22.55,46910
"Life, Physical, and Social Science Occupations",1273640,38.81,80730,34.97,72740
Life Scientists,304980,44.80,93190,38.53,80140
Agricultural and Food Scientists,31920,38.45,79970,35.66,74160
Animal Scientists,2790,38.65,80390,31.29,65090
Food Scientists and Technologists,13510,40.46,84150,37.66,78340
Soil and Plant Scientists,15610,36.68,76290,32.09,66750
Biological Scientists,117460,45.18,93970,39.75,82680
Biochemists and Biophysicists,35050,54.55,113460,49.17,102270
Microbiologists,19430,42.22,87820,38.11,79260
Zoologists and Wildlife Biologists,15930,33.80,70300,31.08,64650
"Biological Scientists, All Other",47050,43.27,90010,39.68,82530
Conservation Scientists and Foresters,32040,32.73,68080,30.65,63750
Conservation Scientists,22550,32.81,68230,30.65,63750
Foresters,9500,32.56,67710,30.82,64110
Medical Scientists,116740,49.44,102830,43.58,90640
Epidemiologists,8180,41.70,86740,37.90,78830
"Medical Scientists, Except Epidemiologists",108550,50.02,104050,45.82,95310
Miscellaneous Life Scientists,6820,45.40,94430,39.18,81500
"Life Scientists, All Other",6820,45.40,94430,39.18,81500
Physical Scientists,244340,46.32,96340,39.47,82090
Astronomers and Physicists,21950,72.36,150510,70.89,147450
Astronomers,1930,67.02,139410,61.62,128160
Physicists,20020,72.88,151580,73.29,152430
Atmospheric and Space Scientists,8520,46.58,96880,45.47,94570
Chemists and Materials Scientists,87290,43.43,90330,38.34,79760
Chemists,80600,42.85,89130,38.19,79430
Materials Scientists,6690,50.38,104790,48.12,100090
Environmental Scientists and Geoscientists,106910,41.82,86980,37.66,78340
"Environmental Scientists and Specialists, Including Health",76890,39.06,81240,36.79,76530
"Geoscientists, Except Hydrologists and Geographers",23620,49.78,103550,40.23,83680
Hydrologists,6390,45.57,94780,40.40,84030
Miscellaneous Physical Scientists,19680,54.43,113220,50.05,104100
"Physical Scientists, All Other",19680,54.43,113220,50.05,104100
Social Scientists and Related Workers,246680,43.66,90810,38.89,80890
Economists,15640,58.09,120830,50.79,105630
Survey Researchers,8850,31.10,64690,28.72,59740
Psychologists,129620,44.28,92100,38.96,81040
Industrial-Organizational Psychologists,610,54.48,113320,50.63,105310
Clinical and Counseling Psychologists,58100,47.90,99640,39.67,82510
School Psychologists,57110,39.80,82770,37.88,78780
"Psychologists, All Other",13800,47.12,98010,49.47,102900
Sociologists,2640,46.28,96260,44.67,92910
Urban and Regional Planners,38940,39.09,81310,37.74,78500
Miscellaneous Social Scientists and Related Workers,50990,43.19,89840,39.61,82390
Anthropologists and Archeologists,6650,32.12,66800,29.76,61910
Geographers,1440,41.70,86740,40.97,85220
Historians,2910,34.68,72130,30.74,63940
Political Scientists,5650,57.90,120430,58.90,122510
"Social Scientists and Related Workers, All Other",34330,43.70,90900,40.59,84430
"Life, Physical, and Social Science Technicians",349540,25.91,53890,23.25,48370
Agricultural and Food Science Technicians,25090,22.23,46240,21.49,44700
Agricultural Technicians,13560,21.56,44850,19.44,40430
Food Science Technicians,11530,23.01,47870,22.40,46590
Biological Technicians,76150,24.89,51770,23.15,48140
Chemical Technicians,57690,26.46,55040,23.56,48990
Environmental Science and Geoscience Technicians,46860,25.88,53830,23.01,47850
"Environmental Science and Protection Technicians, Including Health",34110,24.30,50550,22.78,47370
"Geological Technicians, Except Hydrologic Technicians",9210,28.40,59080,23.23,48310
Hydrologic Technicians,3550,34.50,71760,29.94,62280
Nuclear Technicians,5360,45.77,95200,47.76,99340
Social Science Research Assistants,28690,27.13,56430,23.90,49720
Forest and Conservation Technicians,30440,20.87,43420,18.89,39290
"Miscellaneous Life, Physical, and Social Science Technicians",79250,27.83,57880,24.21,50370
Forensic Science Technicians,17020,32.14,66850,29.78,61930
"Life, Physical, and Social Science Technicians, All Other",62230,26.65,55420,23.57,49030
Occupational Health and Safety Specialists and Technicians,128090,36.13,75150,36.00,74870
Occupational Health and Safety Specialists,106340,37.86,78740,37.29,77560
Occupational Health and Safety Technicians,21750,27.67,57560,24.58,51120
Community and Social Service Occupations,2239680,25.94,53960,23.28,48410
"Counselors, Social Workers, and Other Community and Social Service Specialists",2157410,25.94,53950,23.27,48400
Counselors,781830,27.12,56410,23.73,49360
"Educational, Guidance, and Career Counselors and Advisors",296370,30.33,63090,29.09,60510
Marriage and Family Therapists,54800,28.69,59660,23.98,49880
Rehabilitation Counselors,90310,21.51,44740,18.54,38560
"Substance Abuse, Behavioral Disorder, and Mental Health Counselors",310880,25.72,53490,23.33,48520
"Counselors, All Other",29480,23.91,49730,21.71,45160
Social Workers,677440,27.83,57880,24.23,50390
"Child, Family, and School Social Workers",340050,26.39,54880,23.63,49150
Healthcare Social Workers,173860,29.96,62310,29.25,60840
Mental Health and Substance Abuse Social Workers,113810,27.79,57800,23.62,49130
"Social Workers, All Other",49730,30.29,63010,29.42,61190
Miscellaneous Community and Social Service Specialists,698130,22.78,47380,20.43,42490
Health Education Specialists,55830,31.22,64930,29.13,60600
Probation Officers and Correctional Treatment Specialists,92140,30.43,63290,28.97,60250
Social and Human Service Assistants,398380,19.45,40460,18.08,37610
Community Health Workers,61010,22.97,47780,22.40,46590
"Community and Social Service Specialists, All Other",90770,24.28,50510,22.78,47390
Religious Workers,82280,26.13,54340,23.35,48560
Clergy,50790,27.51,57230,23.90,49720
"Directors, Religious Activities and Education",21000,25.42,52880,22.59,46980
Miscellaneous Religious Workers,10490,20.81,43290,18.03,37500
"Religious Workers, All Other",10490,20.81,43290,18.03,37500
Legal Occupations,1178140,54.38,113100,39.63,82430
"Lawyers, Judges, and Related Workers",744760,69.46,144470,61.32,127540
Lawyers and Judicial Law Clerks,695810,70.30,146220,61.39,127690
Lawyers,681010,71.17,148030,61.54,127990
Judicial Law Clerks,14800,30.16,62730,24.40,50750
"Judges, Magistrates, and Other Judicial Workers",48950,57.54,119690,53.15,110550
"Administrative Law Judges, Adjudicators, and Hearing Officers",13840,50.08,104160,49.30,102550
"Arbitrators, Mediators, and Conciliators",7320,29.98,62350,23.76,49410
"Judges, Magistrate Judges, and Magistrates",27790,68.52,142520,71.17,148030
Legal Support Workers,433380,28.46,59190,26.38,54860
Paralegals and Legal Assistants,336250,28.04,58330,27.03,56230
Miscellaneous Legal Support Workers,97130,29.89,62170,24.78,51550
"Title Examiners, Abstractors, and Searchers",51040,25.19,52390,22.74,47310
"Legal Support Workers, All Other",46090,35.10,73000,28.75,59790
Educational Instruction and Library Occupations,8191930,29.88,62140,27.51,57220
"Career/Technical Education Teachers, Postsecondary",105440,30.35,63130,28.77,59840
Preschool and Kindergarten Teachers,512400,20.70,43060,17.65,36710
"Preschool Teachers, Except Special Education",391670,17.53,36460,14.52,30210
Other Teachers and Instructors,941530,22.35,46490,17.94,37310
"Adult Basic Education, Adult Secondary Education, and English as a Second Language Instructors",38260,29.16,60650,28.71,59720
Self-Enrichment Teachers,216910,23.67,49230,20.95,43580
"Substitute Teachers, Short-Term",374620,18.47,38410,14.47,30100
Tutors,147100,20.09,41780,17.53,36470
"Librarians, Curators, and Archivists",228900,26.69,55520,23.59,49060
"Archivists, Curators, and Museum Technicians",28110,28.28,58830,24.09,50120
Archivists,6120,29.75,61880,28.87,60050
Curators,11030,30.71,63880,28.90,60110
Museum Technicians and Conservators,10960,25.02,52030,22.90,47630
Librarians and Media Collections Specialists,127790,30.86,64180,29.42,61190
Library Technicians,73000,18.79,39070,17.78,36970
Farm and Home Management Educators,10620,27.90,58040,24.03,49990
Instructional Coordinators,184740,33.92,70560,30.64,63740
Miscellaneous Educational Instruction and Library Workers,155950,23.87,49650,22.26,46300
"Educational Instruction and Library Workers, All Other",155950,23.87,49650,22.26,46300
"Arts, Design, Entertainment, Sports, and Media Occupations",1815290,31.78,66100,24.61,51190
Art and Design Workers,609150,28.32,58910,23.18,48220
Artists and Related Workers,83070,45.83,95330,38.94,80990
Art Directors,42080,55.50,115430,48.51,100890
Craft Artists,3740,19.58,40730,17.27,35930
"Fine Artists, Including Painters, Sculptors, and Illustrators",9430,33.18,69010,29.24,60820
Special Effects Artists and Animators,20430,41.45,86220,37.88,78790
"Artists and Related Workers, All Other",7390,32.33,67240,29.61,61580
Designers,526080,25.56,53160,22.29,46370
Commercial and Industrial Designers,27940,38.31,79680,37.03,77030
Fashion Designers,19310,40.22,83650,37.24,77450
Floral Designers,36000,15.43,32100,14.36,29880
Graphic Designers,204040,28.83,59970,24.38,50710
Interior Designers,61970,30.08,62570,29.01,60340
Merchandise Displayers and Window Trimmers,159790,17.08,35520,15.41,32060
Set and Exhibit Designers,6850,30.27,62960,26.37,54860
"Designers, All Other",10190,35.33,73480,29.96,62310
"Entertainers and Performers, Sports and Related Workers",438600,34.55,71870,23.78,49470
"Actors, Producers, and Directors",168350,45.85,95360,37.06,77080
Producers and Directors,138250,49.01,101950,37.98,79000
Dancers and Choreographers,7850,24.17,50280,19.47,40500
Choreographers,3990,23.86,49630,20.53,42700
Music Directors and Composers,9560,31.29,65080,23.62,49130
Media and Communication Workers,573200,34.50,71760,29.97,62340
Broadcast Announcers and Radio Disc Jockeys,24580,26.97,56110,18.09,37630
"News Analysts, Reporters and Journalists",39080,30.40,63230,23.26,48370
"News Analysts, Reporters, and Journalists",39080,30.40,63230,23.26,48370
Public Relations Specialists,242710,35.22,73250,30.19,62800
Writers and Editors,185810,37.96,78950,34.44,71640
Editors,88780,36.73,76400,30.46,63350
Technical Writers,47620,39.17,81470,37.53,78060
Writers and Authors,49410,39.00,81120,33.42,69510
Miscellaneous Media and Communication Workers,81010,28.68,59650,24.03,49980
Interpreters and Translators,52170,28.08,58400,23.61,49110
Court Reporters and Simultaneous Captioners,12300,31.36,65240,29.03,60380
"Media and Communication Workers, All Other",16540,28.56,59400,23.99,49900
Media and Communication Equipment Workers,194350,28.35,58970,23.52,48920
"Broadcast, Sound, and Lighting Technicians",90940,26.80,55750,23.46,48790
Audio and Video Technicians,50590,26.59,55310,23.47,48820
Broadcast Technicians,25270,24.66,51280,21.51,44740
Sound Engineering Technicians,10800,32.38,67360,29.09,60500
Lighting Technicians,4280,27.89,58020,24.75,51470
Photographers,38420,23.18,48210,18.73,38950
"Television, Video, and Film Camera Operators and Editors",48320,33.66,70020,29.02,60360
"Camera Operators, Television, Video, and Film",20280,29.69,61740,23.67,49230
Film and Video Editors,28030,36.54,76000,30.13,62680
Miscellaneous Media and Communication Equipment Workers,16670,33.31,69290,30.41,63250
"Media and Communication Equipment Workers, All Other",16670,33.31,69290,30.41,63250
Healthcare Practitioners and Technical Occupations,8787730,43.80,91100,36.08,75040
Healthcare Diagnosing or Treating Practitioners,5772460,53.92,112160,39.07,81270
Chiropractors,35810,39.06,81240,36.06,75000
Dentists,124680,85.47,177770,78.47,163220
"Dentists, General",108680,80.37,167160,77.10,160370
Prosthodontists,790,69.10,143730,48.54,100950
"Dentists, All Other Specialists",4750,86.25,179400,84.21,175160
Dietitians and Nutritionists,66690,31.55,65620,29.64,61650
Optometrists,38720,60.31,125440,59.76,124300
Pharmacists,312550,60.43,125690,61.81,128570
Physician Assistants,132940,57.43,119460,58.43,121530
Podiatrists,8840,76.15,158380,70.11,145840
Therapists,687440,40.42,84080,37.82,78670
Occupational Therapists,127830,43.02,89470,41.14,85570
Physical Therapists,225350,44.67,92920,45.97,95620
Radiation Therapists,16050,45.19,94000,39.80,82790
Recreational Therapists,16980,25.91,53900,23.05,47940
Respiratory Therapists,133410,32.78,68190,29.73,61830
Speech-Language Pathologists,147470,41.26,85820,38.01,79060
Exercise Physiologists,6860,25.98,54030,23.05,47940
"Therapists, All Other",13490,31.26,65030,28.61,59500
Veterinarians,77260,52.84,109920,48.26,100370
Registered Nurses,3047530,39.78,82750,37.31,77600
Nurse Anesthetists,43950,97.34,202470,94.04,195610
Nurse Midwives,7750,54.91,114210,54.24,112830
Nurse Practitioners,234690,56.75,118040,58.02,120680
Audiologists,13240,41.37,86050,37.96,78950
"Pediatricians, General",33620,95.40,198420,81.96,170480
Miscellaneous Healthcare Diagnosing or Treating Practitioners,240690,40.65,84550,37.45,77900
Acupuncturists,7250,34.51,71770,29.12,60570
Dental Hygienists,207190,39.12,81360,37.41,77810
"Healthcare Diagnosing or Treating Practitioners, All Other",26250,54.44,113230,48.22,100300
Health Technologists and Technicians,2887210,24.18,50300,22.55,46910
Clinical Laboratory Technologists and Technicians,318780,27.36,56910,27.79,57800
Diagnostic Related Technologists and Technicians,408390,34.03,70780,32.26,67100
Cardiovascular Technologists and Technicians,55760,29.82,62020,29.12,60570
Diagnostic Medical Sonographers,78640,38.79,80680,37.38,77740
Nuclear Medicine Technologists,17140,40.79,84850,37.86,78760
Radiologic Technologists and Technicians,216380,31.97,66490,29.50,61370
Magnetic Resonance Imaging Technologists,38070,37.41,77820,37.19,77360
Medical Dosimetrists,2400,59.98,124750,61.19,127270
Emergency Medical Technicians and Paramedics,257910,19.94,41480,17.76,36930
Emergency Medical Technicians,161400,17.64,36690,17.05,35470
Paramedics,96510,23.80,49500,22.48,46770
Health Practitioner Support Technologists and Technicians,845080,19.31,40170,17.78,36980
Dietetic Technicians,21610,16.42,34160,14.19,29520
Pharmacy Technicians,436630,18.25,37970,17.66,36740
Psychiatric Technicians,93410,18.27,38000,17.58,36570
Surgical Technologists,109060,25.77,53590,23.33,48530
Veterinary Technologists and Technicians,118670,18.39,38250,17.72,36850
Ophthalmic Medical Technicians,65700,19.77,41120,17.87,37180
Licensed Practical and Licensed Vocational Nurses,641240,24.93,51850,23.11,48070
Medical Records Specialists,180570,23.23,48310,22.43,46660
"Opticians, Dispensing",73270,20.70,43060,18.06,37570
Miscellaneous Health Technologists and Technicians,161980,24.96,51910,22.42,46640
Orthotists and Prosthetists,10410,38.38,79820,36.27,75440
Hearing Aid Specialists,10790,28.83,59960,28.61,59500
"Health Technologists and Technicians, All Other",140770,23.67,49230,21.98,45720
Other Healthcare Practitioners and Technical Occupations,128060,29.55,61470,26.19,54480
Health Information Technologists and Medical Registrars,37900,29.53,61410,26.71,55560
Miscellaneous Health Practitioners and Technical Workers,90160,29.56,61490,25.97,54010
Genetic Counselors,2740,41.65,86640,38.54,80150
Surgical Assistants,17250,28.45,59170,23.23,48320
"Healthcare Practitioners and Technical Workers, All Other",44100,31.19,64880,28.25,58750
Healthcare Support Occupations,6603680,16.02,33330,14.37,29880
"Home Health and Personal Care Aides; and Nursing Assistants, Orderlies, and Psychiatric Aides",4765620,14.64,30440,14.24,29620
Home Health and Personal Care Aides,3366480,14.07,29260,14.15,29430
"Nursing Assistants, Orderlies, and Psychiatric Aides",1399130,16.01,33290,14.56,30290
Nursing Assistants,1314830,15.99,33250,14.57,30310
Orderlies,45160,16.08,33440,14.42,29990
Psychiatric Aides,39140,16.65,34640,14.55,30260
Occupational Therapy and Physical Therapist Assistants and Aides,181410,25.91,53900,27.87,57980
Occupational Therapy Assistants and Aides,45350,29.69,61760,29.58,61520
Occupational Therapy Assistants,41980,30.56,63560,29.68,61730
Occupational Therapy Aides,3370,18.86,39230,16.14,33560
Physical Therapist Assistants and Aides,136050,24.65,51280,23.64,49180
Physical Therapist Assistants,93660,29.20,60740,29.42,61180
Physical Therapist Aides,42390,14.60,30370,14.04,29200
Other Healthcare Support Occupations,1656660,18.93,39360,17.97,37370
Massage Therapists,81030,23.68,49260,22.55,46910
Miscellaneous Healthcare Support Occupations,1575620,18.68,38860,17.94,37310
Dental Assistants,347170,20.44,42510,18.59,38660
Medical Assistants,727760,18.36,38190,17.88,37190
Medical Equipment Preparers,61170,20.40,42420,18.37,38220
Medical Transcriptionists,55830,16.45,34220,14.47,30100
Pharmacy Aides,43560,16.61,34560,14.39,29930
Veterinary Assistants and Laboratory Animal Caretakers,98970,15.28,31780,14.32,29780
Phlebotomists,132750,18.49,38450,17.97,37380
"Healthcare Support Workers, All Other",108410,19.56,40690,18.14,37740
Protective Service Occupations,3385030,25.68,53420,22.40,46590
Supervisors of Protective Service Workers,342810,38.95,81010,37.16,77290
First-Line Supervisors of Law Enforcement Workers,182700,43.32,90110,39.15,81430
First-Line Supervisors of Correctional Officers,54470,33.53,69750,29.91,62220
First-Line Supervisors of Police and Detectives,128230,47.48,98760,47.76,99330
First-Line Supervisors of Firefighting and Prevention Workers,80890,40.03,83270,37.61,78230
"Miscellaneous First-Line Supervisors, Protective Service Workers",79230,27.75,57730,25.23,52480
First-Line Supervisors of Security Workers,55450,26.48,55080,24.15,50240
"First-Line Supervisors of Protective Service Workers, All Other",23780,30.73,63910,29.33,61010
Firefighting and Prevention Workers,334670,26.88,55910,24.49,50930
Firefighters,317310,26.58,55290,24.38,50700
Fire Inspectors,17370,32.32,67230,30.33,63080
Fire Inspectors and Investigators,14600,33.50,69680,31.06,64600
Forest Fire Inspectors and Prevention Specialists,2770,26.12,54340,20.48,42600
Law Enforcement Workers,1200060,31.91,66370,29.42,61190
"Bailiffs, Correctional Officers, and Jailers",409020,25.66,53380,23.04,47920
Bailiffs,16420,25.16,52340,23.23,48320
Correctional Officers and Jailers,392600,25.69,53420,23.04,47920
Detectives and Criminal Investigators,107890,43.45,90370,40.21,83640
Fish and Game Wardens,6730,27.98,58190,29.20,60730
Parking Enforcement Workers,7450,22.14,46050,22.40,46590
Police Officers,668970,34.01,70740,31.06,64610
Police and Sheriff's Patrol Officers,665380,34.02,70750,31.06,64610
Transit and Railroad Police,3590,33.45,69570,31.21,64930
Other Protective Service Workers,1507480,17.44,36280,15.17,31550
Animal Control Workers,11600,20.49,42620,18.83,39160
Private Detectives and Investigators,28860,29.31,60970,28.55,59380
Security Guards and Gambling Surveillance Officers,1066280,17.24,35860,15.13,31470
Gambling Surveillance Officers and Gambling Investigators,9190,18.31,38080,17.04,35450
Security Guards,1057100,17.23,35830,15.13,31470
Miscellaneous Protective Service Workers,400740,17.04,35450,15.11,31430
Crossing Guards and Flaggers,82690,17.15,35670,15.12,31450
"Lifeguards, Ski Patrol, and Other Recreational Protective Service Workers",114320,13.14,27320,12.32,25630
Transportation Security Screeners,48320,22.30,46380,21.86,45470
School Bus Monitors,55310,14.53,30220,13.99,29100
"Protective Service Workers, All Other",100110,20.27,42160,18.37,38210
Food Preparation and Serving Related Occupations,11201480,14.16,29450,13.65,28400
Supervisors of Food Preparation and Serving Workers,1170410,19.77,41130,17.85,37130
Chefs and Head Cooks,129810,27.37,56920,24.11,50160
First-Line Supervisors of Food Preparation and Serving Workers,1040600,18.82,39150,17.58,36570
Cooks and Food Preparation Workers,3281610,14.13,29380,13.99,29100
Cooks,2498260,14.21,29560,14.00,29120
"Cooks, Fast Food",768130,12.25,25490,11.63,24180
"Cooks, Institution and Cafeteria",392860,15.15,31520,14.38,29910
"Cooks, Private Household",440,20.80,43260,20.63,42920
"Cooks, Restaurant",1193860,15.21,31630,14.43,30010
"Cooks, Short Order",124800,13.51,28110,13.73,28560
"Cooks, All Other",18170,16.05,33390,14.77,30720
Food Preparation Workers,783350,13.85,28810,13.84,28780
Food and Beverage Serving Workers,5627500,13.23,27520,12.50,26000
Bartenders,485330,14.59,30340,12.67,26350
Fast Food and Counter Workers,3095120,12.53,26060,12.07,25100
Waiters and Waitresses,1804030,13.95,29010,12.50,26000
"Food Servers, Nonrestaurant",243030,14.19,29500,13.81,28730
Other Food Preparation and Serving Related Workers,1121960,13.06,27170,13.17,27400
Dining Room and Cafeteria Attendants and Bartender Helpers,336970,13.31,27690,13.06,27170
Dishwashers,377040,13.15,27350,13.52,28130
"Hosts and Hostesses, Restaurant, Lounge, and Coffee Shop",324690,12.50,26000,11.83,24600
Miscellaneous Food Preparation and Serving Related Workers,83240,13.83,28760,14.00,29120
"Food Preparation and Serving Related Workers, All Other",83240,13.83,28760,14.00,29120
Building and Grounds Cleaning and Maintenance Occupations,4108810,16.23,33750,14.54,30240
Supervisors of Building and Grounds Cleaning and Maintenance Workers,270020,23.38,48620,22.42,46640
First-Line Supervisors of Building and Grounds Cleaning and Maintenance Workers,270020,23.38,48620,22.42,46640
First-Line Supervisors of Housekeeping and Janitorial Workers,153640,21.68,45100,19.05,39630
"First-Line Supervisors of Landscaping, Lawn Service, and Groundskeeping Workers",116380,25.61,53270,23.46,48800
Building Cleaning and Pest Control Workers,2862840,15.19,31590,14.25,29640
Building Cleaning Workers,2777470,15.05,31310,14.20,29540
"Janitors and Cleaners, Except Maids and Housekeeping Cleaners",2036680,15.32,31860,14.31,29760
Maids and Housekeeping Cleaners,723430,14.22,29580,13.84,28780
"Building Cleaning Workers, All Other",17350,18.52,38530,16.51,34350
Pest Control Workers,85370,19.54,40640,18.05,37540
Grounds Maintenance Workers,975950,17.29,35960,17.05,35460
Landscaping and Groundskeeping Workers,892450,16.94,35240,16.55,34430
"Pesticide Handlers, Sprayers, and Applicators, Vegetation",25820,19.47,40500,18.40,38270
Tree Trimmers and Pruners,41920,22.81,47450,22.58,46970
"Grounds Maintenance Workers, All Other",15770,18.81,39120,17.57,36540
Personal Care and Service Occupations,2566440,16.17,33620,14.16,29450
Supervisors of Personal Care and Service Workers,187400,22.57,46950,21.67,45070
First-Line Supervisors of Entertainment and Recreation Workers,86370,23.25,48370,22.62,47040
First-Line Supervisors of Gambling Services Workers,19510,25.28,52590,23.63,49140
"First-Line Supervisors of Entertainment and Recreation Workers, Except Gambling Services",66860,22.66,47130,21.57,44870
First-Line Supervisors of Personal Service Workers,101030,21.99,45730,19.42,40390
Animal Care and Service Workers,241520,14.47,30100,13.81,28730
Animal Trainers,15840,18.38,38230,15.04,31280
Animal Caretakers,225680,14.19,29520,13.75,28600
Entertainment Attendants and Related Workers,418960,13.06,27170,12.00,24960
Gambling Services Workers,82860,14.11,29340,12.32,25630
Gambling Dealers,64700,13.92,28960,12.00,24960
Gambling and Sports Book Writers and Runners,7340,14.00,29110,13.24,27530
"Gambling Service Workers, All Other",10820,15.28,31790,13.94,28990
Motion Picture Projectionists,1620,15.85,32970,14.11,29350
"Ushers, Lobby Attendants, and Ticket Takers",54970,12.69,26390,11.75,24440
Miscellaneous Entertainment Attendants and Related Workers,279510,12.81,26650,11.93,24800
Amusement and Recreation Attendants,262170,12.55,26110,11.78,24500
Costume Attendants,3380,26.25,54590,23.00,47850
"Locker Room, Coatroom, and Dressing Room Attendants",9670,14.53,30220,13.74,28570
"Entertainment Attendants and Related Workers, All Other",4290,14.27,29680,11.62,24170
Funeral Service Workers,63300,20.58,42800,17.54,36490
Embalmers and Crematory Operators,6110,22.77,47350,21.62,44960
Embalmers,4070,24.62,51210,22.97,47780
Crematory Operators,2040,19.07,39660,18.03,37490
Funeral Attendants,32490,15.21,31630,14.05,29230
"Morticians, Undertakers, and Funeral Arrangers",24700,27.10,56360,23.53,48950
Personal Appearance Workers,481530,16.99,35350,14.22,29590
"Barbers, Hairdressers, Hairstylists and Cosmetologists",298880,17.30,35980,14.27,29680
Barbers,12910,17.16,35700,14.41,29970
"Hairdressers, Hairstylists, and Cosmetologists",285980,17.30,35990,14.26,29670
Miscellaneous Personal Appearance Workers,182640,16.50,34310,14.16,29450
"Makeup Artists, Theatrical and Performance",1960,59.80,124380,64.78,134750
Manicurists and Pedicurists,120540,14.65,30480,14.05,29210
Shampooers,9560,12.09,25160,11.75,24440
Skincare Specialists,50580,20.05,41700,17.93,37300
"Baggage Porters, Bellhops, and Concierges",54100,16.68,34680,14.77,30720
Baggage Porters and Bellhops,20530,14.44,30040,14.00,29120
Concierges,33560,18.04,37520,16.93,35210
Tour and Travel Guides,30980,15.96,33200,14.32,29780
Other Personal Care and Service Workers,1088670,15.99,33260,14.20,29540
Childcare Workers,438520,13.31,27680,13.22,27490
Recreation and Fitness Workers,485620,18.43,38340,14.87,30930
Exercise Trainers and Group Fitness Instructors,221600,22.05,45870,19.57,40700
Recreation Workers,264020,15.39,32020,14.27,29680
Residential Advisors,92500,16.81,34950,15.01,31220
Miscellaneous Personal Care and Service Workers,72030,14.80,30790,14.24,29610
"Personal Care and Service Workers, All Other",72030,14.80,30790,14.24,29610
Sales and Related Occupations,13256290,22.15,46080,14.71,30600
Supervisors of Sales Workers,1387190,26.38,54880,22.52,46850
First-Line Supervisors of Sales Workers,1387190,26.38,54880,22.52,46850
First-Line Supervisors of Retail Sales Workers,1143260,22.54,46890,18.86,39230
First-Line Supervisors of Non-Retail Sales Workers,243920,44.38,92320,38.31,79680
Retail Sales Workers,7665410,14.45,30060,13.79,28680
Cashiers,3335170,12.88,26780,13.12,27280
Cashiers,3318020,12.87,26770,13.11,27260
Gambling Change Persons and Booth Cashiers,17150,14.00,29130,13.75,28600
Counter and Rental Clerks and Parts Salespersons,636750,17.54,36480,15.28,31780
Counter and Rental Clerks,371620,17.39,36170,15.06,31330
Parts Salespersons,265130,17.75,36920,16.47,34260
Retail Salespersons,3693490,15.35,31920,14.00,29120
"Sales Representatives, Services",2009700,35.95,74770,29.11,60550
Advertising Sales Agents,96660,31.99,66540,25.16,52340
Insurance Sales Agents,422600,33.34,69340,23.96,49840
"Securities, Commodities, and Financial Services Sales Agents",426870,44.84,93260,30.25,62910
Travel Agents,37190,22.39,46580,21.06,43810
"Miscellaneous Sales Representatives, Services",1026390,34.19,71110,29.11,60550
"Sales Representatives of Services, Except Advertising, Insurance, Financial Services, and Travel",1026390,34.19,71110,29.11,60550
"Sales Representatives, Wholesale and Manufacturing",1508660,37.38,77750,30.24,62890
"Sales Representatives, Wholesale and Manufacturing, Technical and Scientific Products",266160,49.40,102750,45.60,94840
"Sales Representatives, Wholesale and Manufacturing, Except Technical and Scientific Products",1242490,34.81,72390,29.61,61600
Other Sales and Related Workers,685330,25.76,53580,17.59,36590
"Models, Demonstrators, and Product Promoters",42670,19.01,39550,15.73,32730
Demonstrators and Product Promoters,40680,17.78,36990,15.55,32350
Real Estate Brokers and Sales Agents,224380,32.16,66880,23.45,48770
Real Estate Brokers,48460,41.58,86490,29.81,62010
Real Estate Sales Agents,175920,29.56,61480,23.24,48340
Sales Engineers,59550,57.03,118630,49.86,103710
Telemarketers,115130,14.74,30670,13.90,28910
Miscellaneous Sales and Related Workers,243600,18.61,38720,14.22,29570
"Door-to-Door Sales Workers, News and Street Vendors, and Related Workers",7860,16.81,34970,14.13,29390
"Sales and Related Workers, All Other",235740,18.67,38840,14.22,29570
Office and Administrative Support Occupations,18299380,20.88,43430,18.29,38050
Supervisors of Office and Administrative Support Workers,1443630,30.47,63380,29.13,60590
First-Line Supervisors of Office and Administrative Support Workers,1443630,30.47,63380,29.13,60590
Communications Equipment Operators,53400,16.98,35310,14.77,30720
"Switchboard Operators, Including Answering Service",48190,16.63,34590,14.50,30150
Telephone Operators,3870,18.93,39370,18.09,37630
Miscellaneous Communications Equipment Operators,1340,23.79,49470,22.60,47000
"Communications Equipment Operators, All Other",1340,23.79,49470,22.60,47000
Financial Clerks,2768230,20.84,43340,18.67,38830
Bill and Account Collectors,212900,19.85,41280,18.13,37700
Billing and Posting Clerks,429080,20.55,42750,18.43,38330
"Bookkeeping, Accounting, and Auditing Clerks",1509370,21.70,45140,21.90,45560
Gambling Cage Workers,11140,14.79,30770,14.12,29360
Payroll and Timekeeping Clerks,149290,23.83,49560,22.89,47610
Procurement Clerks,61930,21.60,44930,21.71,45150
Tellers,364210,16.79,34930,17.46,36310
Miscellaneous Financial Clerks,30310,23.00,47830,22.55,46900
"Financial Clerks, All Other",30310,23.00,47830,22.55,46900
Information and Record Clerks,5461400,18.59,38670,17.68,36770
Brokerage Clerks,39980,27.75,57710,25.96,54000
Correspondence Clerks,7060,20.06,41710,18.23,37920
"Court, Municipal, and License Clerks",150170,21.57,44870,21.45,44610
"Credit Authorizers, Checkers, and Clerks",16820,21.42,44540,21.49,44710
Customer Service Representatives,2787070,18.79,39070,17.75,36920
"Eligibility Interviewers, Government Programs",151340,23.35,48570,22.80,47420
File Clerks,85460,17.70,36820,17.48,36360
"Hotel, Motel, and Resort Desk Clerks",220380,13.48,28040,13.50,28080
"Interviewers, Except Eligibility and Loan",169840,18.67,38840,17.89,37220
"Library Assistants, Clerical",78470,15.62,32490,14.16,29450
Loan Interviewers and Clerks,238610,21.59,44910,22.09,45940
New Accounts Clerks,40500,19.83,41250,18.19,37840
Order Clerks,133850,20.11,41820,18.23,37920
"Human Resources Assistants, Except Payroll and Timekeeping",102770,21.56,44840,21.94,45630
Receptionists and Information Clerks,983150,15.82,32910,14.40,29950
Reservation and Transportation Ticket Agents and Travel Clerks,100860,21.94,45630,19.18,39900
Miscellaneous Information and Record Clerks,155080,21.13,43950,20.75,43160
"Information and Record Clerks, All Other",155080,21.13,43950,20.75,43160
"Material Recording, Scheduling, Dispatching, and Distributing Workers",2213750,21.97,45710,20.21,42030
Cargo and Freight Agents,85750,23.28,48420,22.55,46910
Couriers and Messengers,68310,16.48,34270,15.89,33050
Dispatchers,291380,22.49,46780,21.88,45510
Public Safety Telecommunicators,97050,22.61,47030,22.44,46670
"Dispatchers, Except Police, Fire, and Ambulance",194330,22.43,46650,21.18,44050
"Meter Readers, Utilities",24000,22.81,47430,21.98,45720
Postal Service Workers,527000,25.71,53480,24.87,51730
Postal Service Clerks,79320,25.58,53210,25.14,52290
Postal Service Mail Carriers,335540,26.14,54370,25.21,52440
"Postal Service Mail Sorters, Processors, and Processing Machine Operators",112130,24.52,51010,23.34,48550
"Production, Planning, and Expediting Clerks",367200,25.11,52220,23.10,48040
"Shipping, Receiving, and Inventory Clerks",795360,18.37,38210,17.74,36890
"Weighers, Measurers, Checkers, and Samplers, Recordkeeping",54760,19.01,39540,18.08,37610
Secretaries and Administrative Assistants,3104790,21.76,45250,19.08,39680
Executive Secretaries and Executive Administrative Assistants,466910,32.15,66870,29.84,62060
Legal Secretaries and Administrative Assistants,155250,25.26,52540,22.94,47710
Medical Secretaries and Administrative Assistants,656640,19.11,39740,18.01,37450
"Secretaries and Administrative Assistants, Except Legal, Medical, and Executive",1825980,19.75,41080,18.21,37880
Other Office and Administrative Support Workers,3254180,18.98,39480,17.88,37180
Data Entry and Information Processing Workers,189100,18.07,37590,17.72,36850
Data Entry Keyers,147170,17.28,35940,17.13,35630
Word Processors and Typists,41930,20.85,43370,21.17,44030
Desktop Publishers,7600,24.49,50930,22.55,46910
Insurance Claims and Policy Processing Clerks,218300,22.02,45790,21.89,45520
"Mail Clerks and Mail Machine Operators, Except Postal Service",69400,16.54,34390,15.65,32550
"Office Clerks, General",2578180,18.75,38990,17.81,37030
"Office Machine Operators, Except Computer",32920,17.84,37110,17.61,36630
Proofreaders and Copy Markers,5340,22.12,46010,21.12,43940
Statistical Assistants,6190,25.68,53420,23.16,48160
Miscellaneous Office and Administrative Support Workers,147140,20.47,42580,18.22,37900
"Office and Administrative Support Workers, All Other",147140,20.47,42580,18.22,37900
"Farming, Fishing, and Forestry Occupations",452490,16.70,34730,14.36,29860
"Supervisors of Farming, Fishing, and Forestry Workers",25770,26.18,54450,23.38,48640
"First-Line Supervisors of Farming, Fishing, and Forestry Workers",25770,26.18,54450,23.38,48640
Agricultural Workers,383760,15.60,32450,14.27,29680
Agricultural Inspectors,13630,22.80,47430,21.70,45140
Animal Breeders,950,20.81,43270,19.28,40090
"Graders and Sorters, Agricultural Products",25560,14.62,30400,14.25,29630
Miscellaneous Agricultural Workers,343630,15.37,31980,14.27,29680
Agricultural Equipment Operators,26180,17.44,36280,17.48,36360
"Farmworkers and Laborers, Crop, Nursery, and Greenhouse",277200,15.11,31440,14.25,29630
"Farmworkers, Farm, Ranch, and Aquacultural Animals",34140,15.46,32150,14.25,29630
"Agricultural Workers, All Other",6100,17.88,37190,15.65,32550
"Forest, Conservation, and Logging Workers",42330,20.83,43320,18.77,39050
Forest and Conservation Workers,6300,16.20,33690,14.69,30550
Logging Workers,36030,21.63,45000,22.27,46330
Fallers,4170,25.85,53760,22.94,47700
Logging Equipment Operators,25510,21.14,43960,22.31,46400
Log Graders and Scalers,3260,19.96,41520,18.18,37820
"Logging Workers, All Other",3080,21.84,45430,22.16,46090
Construction and Extraction Occupations,5848950,26.87,55900,23.18,48210
Supervisors of Construction and Extraction Workers,665870,36.09,75060,34.62,72010
First-Line Supervisors of Construction Trades and Extraction Workers,665870,36.09,75060,34.62,72010
Construction Trades Workers,4362080,26.03,54140,23.01,47860
Boilermakers,12920,33.21,69070,30.91,64290
"Brickmasons, Blockmasons, and Stonemasons",64950,28.78,59870,27.38,56950
Brickmasons and Blockmasons,55950,29.53,61430,28.53,59340
Stonemasons,9000,24.12,50170,22.89,47610
Carpenters,668060,26.53,55190,23.20,48260
"Carpet, Floor, and Tile Installers and Finishers",83600,24.95,51890,22.74,47310
Carpet Installers,19790,23.42,48710,22.42,46640
"Floor Layers, Except Carpet, Wood, and Hard Tiles",18300,25.90,53880,23.11,48060
Floor Sanders and Finishers,4340,21.34,44380,18.82,39140
Tile and Stone Setters,41160,25.64,53330,22.99,47810
"Cement Masons, Concrete Finishers, and Terrazzo Workers",189240,24.52,51000,22.77,47360
Cement Masons and Concrete Finishers,186600,24.47,50900,22.76,47340
Terrazzo Workers and Finishers,2640,28.07,58380,23.40,48680
Construction Laborers,968760,21.22,44130,18.16,37770
Construction Equipment Operators,452780,26.87,55890,23.22,48290
"Paving, Surfacing, and Tamping Equipment Operators",44200,24.32,50590,22.58,46960
Pile Driver Operators,3760,36.51,75950,36.66,76260
Operating Engineers and Other Construction Equipment Operators,404820,27.06,56280,23.25,48360
"Drywall Installers, Ceiling Tile Installers, and Tapers",111650,27.00,56160,23.24,48350
Drywall and Ceiling Tile Installers,97070,26.35,54810,23.09,48040
Tapers,14580,31.32,65140,29.37,61080
Electricians,650580,30.44,63310,28.87,60040
Glaziers,52700,24.98,51950,22.68,47180
Insulation Workers,58370,24.18,50300,22.48,46760
"Insulation Workers, Floor, Ceiling, and Wall",30360,21.54,44810,19.17,39880
"Insulation Workers, Mechanical",28010,27.05,56260,23.20,48260
Painters and Paperhangers,216560,22.69,47180,21.94,45630
"Painters, Construction and Maintenance",214220,22.66,47140,21.92,45590
Paperhangers,2340,24.79,51560,22.89,47610
"Pipelayers, Plumbers, Pipefitters, and Steamfitters",450940,29.93,62250,28.51,59310
Pipelayers,33330,23.32,48510,22.11,45980
"Plumbers, Pipefitters, and Steamfitters",417620,30.46,63350,28.79,59880
Plasterers and Stucco Masons,26980,26.35,54810,23.24,48340
Reinforcing Iron and Rebar Workers,16420,28.35,58960,23.48,48830
Roofers,129890,23.51,48890,22.65,47110
Sheet Metal Workers,122630,28.25,58760,25.69,53440
Structural Iron and Steel Workers,68620,29.46,61270,28.15,58550
Solar Photovoltaic Installers,16420,24.38,50710,22.92,47670
"Helpers, Construction Trades",206900,17.95,37340,17.55,36510
"Helpers--Brickmasons, Blockmasons, Stonemasons, and Tile and Marble Setters",18210,20.85,43370,18.21,37870
Helpers--Carpenters,27540,17.95,37340,17.64,36690
Helpers--Electricians,72150,17.66,36720,17.48,36360
"Helpers--Painters, Paperhangers, Plasterers, and Stucco Masons",8940,16.96,35270,16.04,33370
"Helpers--Pipelayers, Plumbers, Pipefitters, and Steamfitters",45930,17.47,36350,17.18,35720
Helpers--Roofers,6830,17.31,36000,17.48,36360
"Helpers, Construction Trades, All Other",27300,18.08,37610,17.64,36690
Other Construction and Related Workers,430760,26.28,54670,23.04,47910
Construction and Building Inspectors,117830,32.93,68480,29.63,61640
Elevator and Escalator Installers and Repairers,22510,43.91,91320,47.05,97860
Fence Erectors,24470,19.78,41140,18.12,37700
Hazardous Materials Removal Workers,44240,23.69,49280,22.26,46300
Highway Maintenance Workers,141150,21.32,44340,22.06,45880
Rail-Track Laying and Maintenance Equipment Operators,21030,29.22,60770,29.66,61690
Septic Tank Servicers and Sewer Pipe Cleaners,28620,21.82,45390,21.54,44810
Miscellaneous Construction and Related Workers,30920,21.81,45370,19.16,39850
Extraction Workers,183340,24.95,51900,22.89,47600
"Derrick, Rotary Drill, and Service Unit Operators, Oil and Gas",51910,27.14,56460,23.43,48740
"Derrick Operators, Oil and Gas",7880,25.07,52140,22.71,47230
"Rotary Drill Operators, Oil and Gas",11170,29.73,61840,27.10,56380
"Service Unit Operators, Oil and Gas",32870,26.76,55660,23.28,48410
Surface Mining Machine Operators and Earth Drillers,51520,24.52,51000,22.78,47370
"Excavating and Loading Machine and Dragline Operators, Surface Mining",35720,23.97,49850,22.47,46740
"Earth Drillers, Except Oil and Gas",15800,25.77,53600,23.20,48250
"Explosives Workers, Ordnance Handling Experts, and Blasters",5370,27.44,57070,25.50,53040
Underground Mining Machine Operators,24200,27.85,57920,28.77,59840
Continuous Mining Machine Operators,14740,27.61,57430,28.99,60300
"Roof Bolters, Mining",1850,28.45,59170,28.74,59770
"Loading and Moving Machine Operators, Underground Mining",4450,27.56,57330,27.84,57900
"Underground Mining Machine Operators, All Other",3150,28.99,60290,29.45,61260
"Rock Splitters, Quarry",4450,20.02,41630,18.12,37700
"Roustabouts, Oil and Gas",34520,21.51,44730,18.71,38920
Helpers--Extraction Workers,5980,19.65,40860,18.15,37760
Miscellaneous Extraction Workers,5380,24.50,50960,23.15,48140
"Extraction Workers, All Other",5380,24.50,50960,23.15,48140
"Installation, Maintenance, and Repair Occupations",5574410,25.66,53380,23.05,47940
"Supervisors of Installation, Maintenance, and Repair Workers",526240,35.38,73590,34.26,71260
"First-Line Supervisors of Mechanics, Installers, and Repairers",526240,35.38,73590,34.26,71260
"Electrical and Electronic Equipment Mechanics, Installers, and Repairers",499670,27.53,57260,26.84,55820
"Computer, Automated Teller, and Office Machine Repairers",86420,21.24,44170,19.70,40970
Radio and Telecommunications Equipment Installers and Repairers,186530,29.09,60510,29.02,60360
"Radio, Cellular, and Tower Equipment Installers and Repairers",13700,30.05,62500,29.02,60360
"Telecommunications Equipment Installers and Repairers, Except Line Installers",172830,29.02,60350,29.02,60370
"Miscellaneous Electrical and Electronic Equipment Mechanics, Installers, and Repairers",226720,28.65,59590,28.26,58780
Avionics Technicians,18910,33.59,69860,33.31,69280
"Electric Motor, Power Tool, and Related Repairers",15880,23.43,48740,22.55,46910
"Electrical and Electronics Installers and Repairers, Transportation Equipment",10710,33.97,70650,37.14,77250
"Electrical and Electronics Repairers, Commercial and Industrial Equipment",50780,30.88,64230,29.68,61730
"Electrical and Electronics Repairers, Powerhouse, Substation, and Relay",22490,42.13,87640,44.91,93420
"Electronic Equipment Installers and Repairers, Motor Vehicles",9000,21.01,43690,19.55,40670
Audiovisual Equipment Installers and Repairers,21540,22.18,46120,21.54,44790
Security and Fire Alarm Systems Installers,77420,25.08,52170,23.23,48320
"Vehicle and Mobile Equipment Mechanics, Installers, and Repairers",1570020,24.23,50400,22.79,47410
Aircraft Mechanics and Service Technicians,125440,33.40,69470,31.43,65380
Automotive Technicians and Repairers,783310,23.22,48310,22.55,46910
Automotive Body and Related Repairers,137300,24.36,50660,22.73,47270
Automotive Glass Installers and Repairers,16230,19.56,40690,18.23,37920
Automotive Service Technicians and Mechanics,629780,23.07,47990,22.54,46880
Bus and Truck Mechanics and Diesel Engine Specialists,261420,25.49,53020,23.41,48690
Heavy Vehicle and Mobile Equipment Service Technicians and Mechanics,203060,26.87,55900,25.85,53770
Farm Equipment Mechanics and Service Technicians,35030,22.71,47250,22.55,46910
"Mobile Heavy Equipment Mechanics, Except Engines",145230,27.54,57280,27.90,58030
Rail Car Repairers,22800,29.04,60400,28.97,60250
Small Engine Mechanics,72800,20.53,42690,18.78,39050
Motorboat Mechanics and Service Technicians,23080,22.43,46660,22.46,46730
Motorcycle Mechanics,15020,20.18,41970,18.35,38170
Outdoor Power Equipment and Other Small Engine Mechanics,34700,19.41,40360,18.05,37540
"Miscellaneous Vehicle and Mobile Equipment Mechanics, Installers, and Repairers",123980,16.51,34340,14.60,30370
Bicycle Repairers,14760,16.52,34360,16.68,34690
Recreational Vehicle Service Technicians,16030,21.60,44930,20.94,43560
Tire Repairers and Changers,93180,15.63,32520,14.22,29580
"Other Installation, Maintenance, and Repair Occupations",2978490,24.39,50730,22.71,47230
Control and Valve Installers and Repairers,68170,28.78,59860,25.95,53980
Mechanical Door Repairers,23300,21.88,45520,21.66,45060
"Control and Valve Installers and Repairers, Except Mechanical Door",44870,32.36,67310,30.18,62760
"Heating, Air Conditioning, and Refrigeration Mechanics and Installers",356960,26.29,54690,23.38,48630
Home Appliance Repairers,28120,21.80,45340,21.31,44320
"Industrial Machinery Installation, Repair, and Maintenance Workers",470650,28.05,58350,28.55,59380
Industrial Machinery Mechanics,373090,28.26,58780,28.77,59840
"Maintenance Workers, Machinery",57660,25.75,53570,23.51,48900
Millwrights,39240,29.45,61260,29.00,60330
"Refractory Materials Repairers, Except Brickmasons",660,26.33,54760,26.08,54250
Line Installers and Repairers,225460,34.37,71500,35.83,74530
Electrical Power-Line Installers and Repairers,123940,38.01,79060,37.65,78310
Telecommunications Line Installers and Repairers,101530,29.93,62250,28.94,60190
Precision Instrument and Equipment Repairers,74530,26.38,54870,23.38,48630
Camera and Photographic Equipment Repairers,2340,21.28,44260,18.36,38200
Medical Equipment Repairers,53400,27.13,56420,24.00,49910
Musical Instrument Repairers and Tuners,5710,19.11,39740,17.87,37160
Watch and Clock Repairers,1970,21.86,45460,21.27,44250
"Precision Instrument and Equipment Repairers, All Other",11110,28.40,59070,27.73,57670
"Maintenance and Repair Workers, General",1416740,21.60,44920,20.76,43180
Wind Turbine Service Technicians,10100,28.16,58580,27.05,56260
"Miscellaneous Installation, Maintenance, and Repair Workers",327750,21.01,43710,18.28,38030
"Coin, Vending, and Amusement Machine Servicers and Repairers",27540,20.20,42010,18.77,39040
Commercial Divers,2670,39.43,82010,29.02,60360
Locksmiths and Safe Repairers,15380,22.98,47810,22.55,46910
Manufactured Building and Mobile Home Installers,3530,17.23,35830,17.48,36360
Riggers,17980,25.05,52100,23.14,48130
Signal and Track Switch Repairers,8090,35.68,74220,38.73,80570
"Helpers--Installation, Maintenance, and Repair Workers",88480,16.87,35090,15.91,33100
"Installation, Maintenance, and Repair Workers, All Other",164070,21.82,45380,20.46,42570
Production Occupations,8408030,20.71,43070,18.13,37710
Supervisors of Production Workers,629420,32.37,67330,29.71,61790
First-Line Supervisors of Production and Operating Workers,629420,32.37,67330,29.71,61790
Assemblers and Fabricators,1769890,18.75,39000,17.87,37170
"Aircraft Structure, Surfaces, Rigging, and Systems Assemblers",33320,26.63,55380,23.79,49480
"Electrical, Electronics, and Electromechanical Assemblers",283010,19.11,39740,18.01,37460
"Coil Winders, Tapers, and Finishers",11090,20.41,42460,18.44,38360
"Electrical, Electronic, and Electromechanical Assemblers, Except Coil Winders, Tapers, and Finishers",271920,19.05,39630,18.01,37460
Engine and Other Machine Assemblers,45990,23.13,48110,22.81,47440
Structural Metal Fabricators and Fitters,61070,21.99,45730,21.87,45480
Fiberglass Laminators and Fabricators,17380,19.40,40360,18.10,37650
Timing Device Assemblers and Adjusters,560,21.48,44670,18.16,37780
Miscellaneous Assemblers and Fabricators,1328550,18.17,37780,17.59,36590
Food Processing Workers,795640,16.27,33830,14.66,30480
Bakers,181800,15.53,32300,14.31,29750
"Butchers and Other Meat, Poultry, and Fish Processing Workers",364480,16.04,33360,14.56,30280
Butchers and Meat Cutters,145930,17.15,35670,17.33,36050
"Meat, Poultry, and Fish Cutters and Trimmers",132100,15.23,31680,14.29,29730
Slaughterers and Meat Packers,86450,15.39,32010,14.38,29900
Miscellaneous Food Processing Workers,249360,17.13,35630,17.03,35430
"Food and Tobacco Roasting, Baking, and Drying Machine Operators and Tenders",21050,17.44,36280,17.06,35480
Food Batchmakers,155240,17.40,36190,17.20,35780
Food Cooking Machine Operators and Tenders,26710,17.03,35430,17.26,35890
"Food Processing Workers, All Other",46360,16.16,33600,15.33,31890
Metal Workers and Plastic Workers,1633980,21.56,44840,20.65,42960
"Forming Machine Setters, Operators, and Tenders, Metal and Plastic",102640,20.53,42710,18.55,38580
"Extruding and Drawing Machine Setters, Operators, and Tenders, Metal and Plastic",59490,19.48,40520,18.15,37750
"Forging Machine Setters, Operators, and Tenders, Metal and Plastic",11500,21.35,44410,21.40,44520
"Rolling Machine Setters, Operators, and Tenders, Metal and Plastic",31650,22.22,46210,22.22,46210
"Machine Tool Cutting Setters, Operators, and Tenders, Metal and Plastic",288810,19.59,40740,18.13,37720
"Cutting, Punching, and Press Machine Setters, Operators, and Tenders, Metal and Plastic",179630,19.23,40000,18.09,37630
"Drilling and Boring Machine Tool Setters, Operators, and Tenders, Metal and Plastic",6810,20.79,43240,18.55,38580
"Grinding, Lapping, Polishing, and Buffing Machine Tool Setters, Operators, and Tenders, Metal and Plastic",67750,19.25,40030,18.05,37550
"Lathe and Turning Machine Tool Setters, Operators, and Tenders, Metal and Plastic",19690,21.28,44270,21.27,44240
"Milling and Planing Machine Setters, Operators, and Tenders, Metal and Plastic",14920,22.64,47100,22.53,46850
Machinists,333220,23.57,49020,22.95,47730
"Metal Furnace Operators, Tenders, Pourers, and Casters",22110,22.11,45990,22.42,46640
Metal-Refining Furnace Operators and Tenders,15540,22.33,46440,22.45,46690
"Pourers and Casters, Metal",6570,21.59,44910,22.04,45850
"Model Makers and Patternmakers, Metal and Plastic",5780,26.80,55740,23.79,49480
"Model Makers, Metal and Plastic",3690,28.40,59080,26.75,55630
"Patternmakers, Metal and Plastic",2090,23.96,49840,23.12,48090
"Molders and Molding Machine Setters, Operators, and Tenders, Metal and Plastic",176820,18.13,37720,17.59,36590
Foundry Mold and Coremakers,13610,19.22,39980,18.13,37710
"Molding, Coremaking, and Casting Machine Setters, Operators, and Tenders, Metal and Plastic",163210,18.04,37530,17.48,36370
"Multiple Machine Tool Setters, Operators, and Tenders, Metal and Plastic",134880,19.63,40830,18.09,37630
Tool and Die Makers,63630,26.99,56150,27.41,57000
"Welding, Soldering, and Brazing Workers",427580,23.04,47910,22.55,46910
"Welders, Cutters, Solderers, and Brazers",397600,23.21,48290,22.60,47010
"Welding, Soldering, and Brazing Machine Setters, Operators, and Tenders",29980,20.65,42950,18.55,38580
Miscellaneous Metal Workers and Plastic Workers,78530,19.68,40940,18.09,37630
"Heat Treating Equipment Setters, Operators, and Tenders, Metal and Plastic",14540,19.98,41560,18.49,38450
"Layout Workers, Metal and Plastic",6840,25.16,52340,24.85,51690
"Plating Machine Setters, Operators, and Tenders, Metal and Plastic",32310,18.55,38580,17.89,37200
"Tool Grinders, Filers, and Sharpeners",6100,20.99,43660,18.48,38430
"Metal Workers and Plastic Workers, All Other",18740,18.98,39480,17.78,36990
Printing Workers,211930,19.55,40660,18.13,37710
Prepress Technicians and Workers,25840,21.06,43800,20.49,42610
Printing Press Operators,145290,19.77,41120,18.16,37770
Print Binding and Finishing Workers,40810,17.82,37060,17.59,36590
"Textile, Apparel, and Furnishings Workers",445950,15.00,31210,14.14,29420
Laundry and Dry-Cleaning Workers,157400,13.38,27830,13.63,28350
"Pressers, Textile, Garment, and Related Materials",26910,13.52,28110,13.79,28680
Sewing Machine Operators,116220,14.85,30880,14.27,29690
Shoe and Leather Workers,9240,15.84,32950,14.31,29760
Shoe and Leather Workers and Repairers,5620,16.77,34890,15.12,31450
Shoe Machine Operators and Tenders,3610,14.38,29920,13.73,28560
"Tailors, Dressmakers, and Sewers",21450,16.65,34630,14.99,31180
"Sewers, Hand",4170,15.07,31350,14.39,29930
"Tailors, Dressmakers, and Custom Sewers",17270,17.03,35430,15.11,31420
"Textile Machine Setters, Operators, and Tenders",56700,15.92,33110,14.45,30050
Textile Bleaching and Dyeing Machine Operators and Tenders,6240,15.36,31940,14.39,29930
"Textile Cutting Machine Setters, Operators, and Tenders",11970,15.91,33100,14.41,29960
"Textile Knitting and Weaving Machine Setters, Operators, and Tenders",16330,16.17,33640,16.34,33990
"Textile Winding, Twisting, and Drawing Out Machine Setters, Operators, and Tenders",22160,15.89,33050,14.44,30020
"Miscellaneous Textile, Apparel, and Furnishings Workers",58030,18.77,39050,17.80,37030
"Extruding and Forming Machine Setters, Operators, and Tenders, Synthetic and Glass Fibers",14040,19.52,40600,18.05,37550
Fabric and Apparel Patternmakers,3220,30.81,64070,28.20,58650
Upholsterers,28020,18.38,38220,17.99,37420
"Textile, Apparel, and Furnishings Workers, All Other",12750,15.79,32840,14.31,29750
Woodworkers,230400,18.04,37520,17.64,36680
Cabinetmakers and Bench Carpenters,93070,19.27,40070,18.05,37540
Furniture Finishers,16300,17.94,37310,17.59,36580
"Model Makers and Patternmakers, Wood",550,27.19,56560,27.60,57410
"Model Makers, Wood",340,28.87,60040,29.22,60780
"Patternmakers, Wood",210,24.53,51020,22.56,46920
"Woodworking Machine Setters, Operators, and Tenders",112560,17.04,35450,17.23,35850
"Sawing Machine Setters, Operators, and Tenders, Wood",45350,16.96,35280,16.99,35340
"Woodworking Machine Setters, Operators, and Tenders, Except Sawing",67210,17.10,35560,17.35,36090
Miscellaneous Woodworkers,7910,17.35,36080,17.12,35610
"Woodworkers, All Other",7910,17.35,36080,17.12,35610
Plant and System Operators,280900,31.83,66210,29.49,61350
"Power Plant Operators, Distributors, and Dispatchers",43440,42.99,89410,45.57,94790
Nuclear Power Reactor Operators,4820,53.47,111220,50.13,104260
Power Distributors and Dispatchers,9660,45.92,95520,47.37,98530
Power Plant Operators,28960,40.26,83740,38.87,80850
Stationary Engineers and Boiler Operators,29820,33.90,70510,30.53,63500
Water and Wastewater Treatment Plant and System Operators,121150,25.15,52320,23.02,47880
Miscellaneous Plant and System Operators,86500,34.88,72540,36.86,76670
Chemical Plant and System Operators,21740,33.18,69020,33.75,70200
Gas Plant Operators,15110,37.01,76970,37.43,77850
"Petroleum Pump System Operators, Refinery Operators, and Gaugers",34230,38.70,80500,38.24,79540
"Plant and System Operators, All Other",15420,26.67,55480,24.16,50250
Other Production Occupations,2409900,20.11,41820,18.13,37710
"Chemical Processing Machine Setters, Operators, and Tenders",154790,24.40,50760,22.88,47580
Chemical Equipment Operators and Tenders,106170,25.22,52450,23.12,48090
"Separating, Filtering, Clarifying, Precipitating, and Still Machine Setters, Operators, and Tenders",48620,22.62,47060,22.13,46030
"Crushing, Grinding, Polishing, Mixing, and Blending Workers",155920,20.14,41900,18.35,38160
"Crushing, Grinding, and Polishing Machine Setters, Operators, and Tenders",31800,20.57,42790,18.63,38760
"Grinding and Polishing Workers, Hand",15680,17.30,35990,17.15,35670
"Mixing and Blending Machine Setters, Operators, and Tenders",108440,20.43,42490,18.47,38420
Cutting Workers,63850,18.90,39300,18.10,37660
"Cutters and Trimmers, Hand",7920,16.51,34330,14.54,30230
"Cutting and Slicing Machine Setters, Operators, and Tenders",55930,19.23,40010,18.18,37810
"Extruding, Forming, Pressing, and Compacting Machine Setters, Operators, and Tenders",56570,19.25,40050,18.10,37660
"Furnace, Kiln, Oven, Drier, and Kettle Operators and Tenders",14180,21.11,43910,21.01,43710
"Inspectors, Testers, Sorters, Samplers, and Weighers",551380,21.54,44810,18.55,38580
Jewelers and Precious Stone and Metal Workers,24350,22.64,47090,22.42,46640
Dental and Ophthalmic Laboratory Technicians and Medical Appliance Technicians,68380,21.52,44770,18.79,39090
Dental Laboratory Technicians,34150,22.75,47320,22.00,45770
Medical Appliance Technicians,15300,22.27,46320,21.77,45280
Ophthalmic Laboratory Technicians,18930,18.71,38910,17.92,37270
Packaging and Filling Machine Operators and Tenders,358640,17.67,36750,17.29,35960
Painting Workers,157250,20.90,43480,18.59,38670
"Painting, Coating, and Decorating Workers",11850,18.39,38250,17.95,37330
"Coating, Painting, and Spraying Machine Setters, Operators, and Tenders",145410,21.11,43900,18.81,39130
Semiconductor Processing Technicians,24020,22.07,45910,19.17,39870
Photographic Process Workers and Processing Machine Operators,5740,19.37,40300,17.59,36590
Computer Numerically Controlled Tool Operators and Programmers,183630,23.32,48500,22.78,47380
Computer Numerically Controlled Tool Operators,157840,22.23,46240,22.42,46640
Computer Numerically Controlled Tool Programmers,25800,29.98,62360,29.22,60780
Miscellaneous Production Workers,591200,17.75,36920,17.23,35840
Adhesive Bonding Machine Operators and Tenders,12510,18.55,38580,18.09,37630
"Cleaning, Washing, and Metal Pickling Equipment Operators and Tenders",13580,17.22,35820,16.87,35090
Cooling and Freezing Equipment Operators and Tenders,7500,20.63,42910,19.42,40390
Etchers and Engravers,7110,17.77,36970,17.59,36590
"Molders, Shapers, and Casters, Except Metal and Plastic",38420,18.76,39020,18.03,37500
"Paper Goods Machine Setters, Operators, and Tenders",87480,21.24,44180,21.55,44820
Tire Builders,17240,23.00,47840,23.05,47940
Helpers--Production Workers,202860,15.82,32910,14.42,30000
"Production Workers, All Other",204500,17.42,36230,15.83,32930
Transportation and Material Moving Occupations,12639920,19.88,41340,17.72,36860
Supervisors of Transportation and Material Moving Workers,557850,28.19,58630,26.36,54830
First-Line Supervisors of Transportation and Material Moving Workers,557850,28.19,58630,26.36,54830
Aircraft Cargo Handling Supervisors,8590,29.84,62080,25.74,53540
"First-Line Supervisors of Transportation and Material Moving Workers, Except Aircraft Cargo Handling Supervisors",549260,28.16,58580,26.37,54850
Air Traffic Controllers and Airfield Operations Specialists,33830,48.32,100510,43.56,90600
Air Traffic Controllers,21230,61.50,127920,62.38,129750
Airfield Operations Specialists,12610,26.13,54360,23.02,47880
Motor Vehicle Operators,4147650,21.31,44330,20.52,42670
"Ambulance Drivers and Attendants, Except Emergency Medical Technicians",11710,14.93,31060,14.00,29120
Driver/Sales Workers and Truck Drivers,3390490,21.85,45460,21.91,45580
Driver/Sales Workers,477020,15.37,31970,14.08,29280
Heavy and Tractor-Trailer Truck Drivers,1903420,24.20,50340,23.23,48310
Light Truck Drivers,1010040,20.50,42630,18.40,38280
Passenger Vehicle Drivers,696760,19.06,39640,18.05,37540
"Bus Drivers, School",361420,18.63,38750,18.23,37910
"Bus Drivers, Transit and Intercity",145720,24.67,51310,23.37,48620
Shuttle Drivers and Chauffeurs,175660,15.66,32570,14.42,30000
Taxi Drivers,13950,14.45,30050,14.09,29310
Miscellaneous Motor Vehicle Operators,48690,17.51,36410,14.71,30600
"Motor Vehicle Operators, All Other",48690,17.51,36410,14.71,30600
Rail Transportation Workers,119120,32.85,68330,30.85,64170
Locomotive Engineers and Operators,43440,34.33,71410,37.83,78680
Locomotive Engineers,38980,35.07,72940,38.34,79740
"Rail Yard Engineers, Dinkey Operators, and Hostlers",4460,27.92,58070,29.37,61090
"Railroad Brake, Signal, and Switch Operators and Locomotive Firers",16200,30.31,63050,30.69,63840
Railroad Conductors and Yardmasters,48030,32.21,66990,30.75,63960
Subway and Streetcar Operators,10310,34.38,71520,39.03,81180
Miscellaneous Rail Transportation Workers,1140,26.03,54140,22.88,47590
"Rail Transportation Workers, All Other",1140,26.03,54140,22.88,47590
Water Transportation Workers,70480,38.84,80780,30.17,62760
Sailors and Marine Oilers,26610,27.79,57800,22.46,46720
Ship and Boat Captains and Operators,36220,45.31,94250,38.47,80010
"Captains, Mates, and Pilots of Water Vessels",33490,47.27,98330,39.25,81640
Motorboat Operators,2740,21.35,44410,18.59,38670
Ship Engineers,7650,46.59,96910,39.62,82410
Other Transportation Workers,286680,17.26,35900,14.39,29940
Bridge and Lock Tenders,4040,21.52,44760,21.82,45390
Parking Attendants,91160,14.04,29210,14.06,29240
Transportation Service Attendants,123660,14.81,30810,14.22,29570
Automotive and Watercraft Service Attendants,111480,14.40,29960,14.10,29330
Aircraft Service Attendants,12170,18.58,38640,17.50,36390
Traffic Technicians,7770,25.58,53210,23.37,48610
Transportation Inspectors,25070,37.32,77620,38.35,79770
Passenger Attendants,21240,16.53,34380,14.65,30470
Miscellaneous Transportation Workers,13750,19.23,39990,17.73,36880
"Transportation Workers, All Other",13750,19.23,39990,17.73,36880
Material Moving Workers,7203320,16.78,34900,14.91,31010
Conveyor Operators and Tenders,28650,17.80,37010,17.51,36420
Crane and Tower Operators,43400,31.38,65270,29.92,62240
Dredge Operators,1650,24.29,50530,22.22,46210
Hoist and Winch Operators,2610,28.10,58450,25.14,52300
Industrial Truck and Tractor Operators,758290,19.69,40950,18.45,38380
Laborers and Material Movers,6178560,16.14,33570,14.58,30320
Cleaners of Vehicles and Equipment,351960,14.69,30550,14.08,29280
"Laborers and Freight, Stock, and Material Movers, Hand",2729010,16.80,34950,15.02,31230
Machine Feeders and Offbearers,60880,17.63,36660,17.79,37010
"Packers and Packagers, Hand",585270,14.88,30950,14.39,29940
Stockers and Order Fillers,2451430,15.87,33020,14.48,30110
Pumping Station Operators,29550,30.09,62590,29.85,62090
Gas Compressor and Gas Pumping Station Operators,2910,32.27,67130,34.00,70720
"Pump Operators, Except Wellhead Pumpers",10600,26.15,54400,23.84,49580
Wellhead Pumpers,16040,32.29,67170,30.64,63740
Refuse and Recyclable Material Collectors,126050,20.57,42780,18.51,38500
"Tank Car, Truck, and Ship Loaders",12090,26.60,55330,23.75,49390
Miscellaneous Material Moving Workers,22470,19.32,40190,17.38,36150
"Material Moving Workers, All Other",22470,19.32,40190,17.38,36150
